[{"sidebar-header":["search-4","pressroom_cart_icon-2","pressroom_social_icons-2","pressroom_high_contrast_switch_icon-2","pressroom_scrolling_posts-2"],"sidebar-footer-top":["pressroom_contact_details-2","pressroom_scrolling_recent_posts-2","pressroom_scrolling_recent_posts-3"],"sidebar-footer-bottom":["text-2"],"sidebar-blog":["categories-4","tag_cloud-2"],"sidebar-header-right":["text-3"],"sidebar-shop":["woocommerce_price_filter-2","woocommerce_product_categories-2","woocommerce_top_rated_products-2","woocommerce_product_search-2"]},{"search":{"4":{"title":""},"_multiwidget":1},"pressroom_cart_icon":{"2":{"icon_style":"dark","cart_items_number":"yes","icon_target":"same_window"},"_multiwidget":1},"pressroom_social_icons":{"2":{"icons_style":"dark","icon_type":["facebook","twitter","mail","envato"],"icon_value":["http:\/\/facebook.com\/QuanticaLabs","https:\/\/twitter.com\/QuanticaLabs","mailto:contact@pressroom.com","http:\/\/themeforest.net\/user\/QuanticaLabs\/portfolio"],"icon_target":["new_window","new_window","same_window","new_window"]},"_multiwidget":1},"pressroom_high_contrast_switch_icon":{"2":{"icon_style":"dark"},"_multiwidget":1},"pressroom_scrolling_posts":{"2":{"count":"3","ids":["-"],"category":["-"],"format":["-"],"label":"LATEST","order_by":"date","order":"DESC"},"_multiwidget":1},"pressroom_contact_details":{"2":{"title":"About PressRoom","animation":"","content":"Maecenas mauris elementum, est morbi interdum cursus at elite imperdiet libero. Proin odios dapibus integer an nulla augue pharetra cursus.","contact_details_left_header":"PressRoom Ltd.","contact_details_left_line_1":"33 Farlane Street","contact_details_left_line_2":"25-100 Keilor East,","contact_details_left_line_3":"Australia","contact_details_right_header":"Phone & Fax","contact_details_right_line_1":"Phone: 1-800-64-38","contact_details_right_line_2":"Fax: 1-800-64-39","contact_details_right_line_3":"","social_icons_header":"Get In Touch With Us","icon_type":["facebook","twitter","mail","skype","envato","instagram","pinterest"],"icon_style":"dark","icon_value":["http:\/\/facebook.com\/QuanticaLabs","https:\/\/twitter.com\/QuanticaLabs","mailto:contact@pressroom.com","#","https:\/\/1.envato.market\/quanticalabs","#","#"],"icon_target":["same_window","same_window","same_window","same_window","same_window","same_window","same_window"]},"_multiwidget":1},"pressroom_scrolling_recent_posts":{"2":{"title":"Latest Posts","count":"5","type":"vertical","ids":["-"],"category":["-"],"format":["-"],"show_post_icon":"1","order_by":"date","order":"DESC","featured_image_size":"default","top_margin":"none","autoplay":"1","pause_on_hover":"1","scroll":"1","visible":"3"},"3":{"title":"Latest Galleries","count":"3","type":"big horizontal","ids":["-"],"category":["-"],"format":["post-format-gallery"],"show_post_icon":"1","order_by":"date","order":"ASC","featured_image_size":"blog-post-thumb","top_margin":"page_margin_top","autoplay":"0","pause_on_hover":"0","scroll":"1"},"_multiwidget":1},"text":{"2":{"title":"","text":"[scroll_top title='Scroll to top' label='Top']","filter":false},"3":{"title":"","text":"<div class=\"placeholder\">728 x 90<\/div>","filter":false},"_multiwidget":1},"categories":{"4":{"title":"","count":0,"hierarchical":0,"dropdown":0},"_multiwidget":1},"tag_cloud":{"2":{"title":"","taxonomy":"post_tag"},"_multiwidget":1},"woocommerce_price_filter":{"2":{"title":"Filter by price"},"_multiwidget":1},"woocommerce_product_categories":{"2":{"title":"Product Categories","orderby":"name","dropdown":0,"count":0,"hierarchical":0,"show_children_only":0},"_multiwidget":1},"woocommerce_top_rated_products":{"2":{"title":"Top Rated Products","number":"5"},"_multiwidget":1},"woocommerce_product_search":{"2":{"title":"Search Products"},"_multiwidget":1}}]